<?xml version="1.0" encoding="UTF-8"?>
<rules
    xmlns="http://namespaces.plone.org/diazo"
    xmlns:css="http://namespaces.plone.org/diazo/css"
    xmlns:xsl="http://www.w3.org/1999/XSL/Transform">

    <!-- Prevent theme usage in zmi-->
    <rules css:if-content="#visual-portal-wrapper">
        <theme href="index.html" />
    </rules>

    <before content-children='/html/head' theme='/html/head' />
    <replace content="/html/head/title" theme="/html/head/title" />
    <replace content="/html/head/base" theme="/html/head/base" />
    <replace content="/html/head/meta" theme="/html/head/meta" />

    <copy attributes="class" css:theme="body" css:content="body"/>

    <!-- header -->

    <replace css:theme="#logo h1" css:content="#portal-logo" />
    <drop css:theme="#logo h2" />

    <copy css:content="#portal-siteactions" css:theme="#topmenu" />
    <copy content='//*[@id="portal-globalnav"]' theme='//*[@id="menu"]' />
    <drop attributes="id" css:content="#portal-globalnav"/>

    <!-- content -->

    <before css:theme-children="#content-wrapper" css:content="#viewlet-above-content" />

    <replace css:theme="#content" css:content="#content" />
    <before css:theme="#content" css:content="#kssPortalMessage" />
    <before css:theme="#content" css:content="#edit-bar" />

    <!-- columns -->

    <copy css:theme="div.twocols">
      <xsl:for-each css:select="#portal-column-one div.portletWrapper">
        <xsl:element name="div">
          <xsl:attribute name="class">
            <xsl:text>col</xsl:text>
            <xsl:value-of select="2 - (position() mod 2)" />
          </xsl:attribute>
          <xsl:copy-of select="." />
        </xsl:element>
      </xsl:for-each>
    </copy>

    <after css:theme-children="div.twocols" css:content="#portal-column-one div.managePortletsLink" />

    <replace css:theme-children="#sidebar" css:content="#portal-searchbox" />
    <after css:theme-children="#sidebar" css:content-children="#portal-column-two" />


    <!-- footer -->

    <copy content='//*[@id="portal-footer"]' theme='//*[@id="footer"]' />

    <append content='//*[@id="portal-colophon"]' theme='//*[@id="footer"]' />

    <before css:theme-children="#footer" css:content="#portal-personaltools"/>



</rules>
